concurso,fecha,juego,r1,r2,r3,r4,r5,r6,adicional,fuente
4161,2026-01-14,Melate,1,14,19,24,31,54,28,https://www.melaterevancha.com/melate-resultados.php?del-dia=2026-01-14
4161,2026-01-14,Revancha,12,27,33,45,48,52,,https://www.melaterevancha.com/melate-resultados.php?del-dia=2026-01-14
4161,2026-01-14,Revanchita,7,10,15,20,40,45,,https://www.melaterevancha.com/melate-resultados.php?del-dia=2026-01-14
4162,2026-01-16,Melate,11,22,30,36,38,40,51,https://www.melaterevancha.com/melate-resultados.php?del-dia=2026-01-16
4162,2026-01-16,Revancha,8,18,26,29,35,56,,https://www.melaterevancha.com/melate-resultados.php?del-dia=2026-01-16
4162,2026-01-16,Revanchita,31,37,42,45,54,55,,https://www.melaterevancha.com/melate-resultados.php?del-dia=2026-01-16
4163,2026-01-18,Melate,6,32,33,41,50,51,55,https://www.melaterevancha.com/melate-resultados.php?del-dia=2026-01-18
4163,2026-01-18,Revancha,7,8,20,21,37,40,,https://www.melaterevancha.com/melate-resultados.php?del-dia=2026-01-18
4163,2026-01-18,Revanchita,23,32,35,40,48,54,,https://www.melaterevancha.com/melate-resultados.php?del-dia=2026-01-18
